{
  "GET product list" : {
    "transaction" : "GET product list",
    "sampleCount" : 3000,
    "errorCount" : 246,
    "errorPct" : 8.2,
    "meanResTime" : 6105.641333333335,
    "medianResTime" : 6362.5,
    "minResTime" : 1065.0,
    "maxResTime" : 7014.0,
    "pct1ResTime" : 6987.0,
    "pct2ResTime" : 7007.0,
    "pct3ResTime" : 7007.0,
    "throughput" : 37.292560134253215,
    "receivedKBytesPerSec" : 75.43308898937163,
    "sentKBytesPerSec" : 12.236184271862765
  },
  "Total" : {
    "transaction" : "Total",
    "sampleCount" : 12000,
    "errorCount" : 640,
    "errorPct" : 5.3333335,
    "meanResTime" : 6069.884916666661,
    "medianResTime" : 6410.0,
    "minResTime" : 199.0,
    "maxResTime" : 7909.0,
    "pct1ResTime" : 7007.0,
    "pct2ResTime" : 7221.0,
    "pct3ResTime" : 7569.99,
    "throughput" : 146.63652471436427,
    "receivedKBytesPerSec" : 138.26931668906948,
    "sentKBytesPerSec" : 45.4933493271522
  },
  "GET product count" : {
    "transaction" : "GET product count",
    "sampleCount" : 3000,
    "errorCount" : 207,
    "errorPct" : 6.9,
    "meanResTime" : 6190.978333333336,
    "medianResTime" : 6258.5,
    "minResTime" : 869.0,
    "maxResTime" : 7008.0,
    "pct1ResTime" : 6973.0,
    "pct2ResTime" : 7007.0,
    "pct3ResTime" : 7007.0,
    "throughput" : 38.570822458504225,
    "receivedKBytesPerSec" : 17.23761695798352,
    "sentKBytesPerSec" : 12.834817841255353
  },
  "GET category" : {
    "transaction" : "GET category",
    "sampleCount" : 3000,
    "errorCount" : 187,
    "errorPct" : 6.233333,
    "meanResTime" : 6065.971333333331,
    "medianResTime" : 6404.5,
    "minResTime" : 199.0,
    "maxResTime" : 7008.0,
    "pct1ResTime" : 6941.0,
    "pct2ResTime" : 7007.0,
    "pct3ResTime" : 7008.0,
    "throughput" : 41.5616081571583,
    "receivedKBytesPerSec" : 25.083431681374858,
    "sentKBytesPerSec" : 13.891006955508297
  },
  "Login Request" : {
    "transaction" : "Login Request",
    "sampleCount" : 3000,
    "errorCount" : 0,
    "errorPct" : 0.0,
    "meanResTime" : 5916.948666666667,
    "medianResTime" : 6820.5,
    "minResTime" : 255.0,
    "maxResTime" : 7909.0,
    "pct1ResTime" : 7404.8,
    "pct2ResTime" : 7534.0,
    "pct3ResTime" : 7754.959999999999,
    "throughput" : 45.213407282372806,
    "receivedKBytesPerSec" : 31.58545051392573,
    "sentKBytesPerSec" : 11.117199745297805
  }
}